ItemId,ItemName
61010,3D BLUE 12/16 CAN
61014,3D PURPLE 12/16 CAN
301995,6/750  80 PROOF BLUELAVA TEQ
60098,AE WITCHSBREW 4/6C
60099,AE KIMADE 4/6C
61000,AE BLUE SLUSH 4/6 CAN
61001,AE COSMIC STAR 4/6 CAN
61002,AE HAWAIIANICE 4/6 CAN
61005,AE CHERRYSLUSH 4/6 CAN
61007,AE BREEZEBERRY 4/6 CAN
61008,AE JUICYPEACH 4/6C
61009,AE KIWI GUAVA 4/6C
61037,AE CAPP COFFEE 12/12C
61038,AE MAPLECOFFEE 12/12C
61039,AE MOCHACOFFEE 12/12 CAN
61041,AE VAN COFFEE 12/12C
61081,AE COSMIC STAR 2/12 CAN
61082,AE JUICYPEACH 2/12C
61085,AE CHERRYSLUSH 2/12 CAN
61087,AE BREEZEBERRY 2/12 CAN
61088,AE VARIETYPACK 2/12C
61089,AE JUICYPEACH 24/12C
61090,AE TROPSICLE 24/12 CAN
61091,AE COSMIC STAR 24/12
61092,AE HAWAIIANICE 24/12 CAN
61093,AE MIMOSA 24/12 CAN
61094,AE WTRMLN WAVE 24/12 CAN
61095,AE CHERRYSLUSH 24/12 CAN
61096,AE ARCTICWHITE 24/12 CAN
61097,AE BREEZEBERRY 24/12 CAN
61099,AE ROCKET POP 24/12C
61100,AE WITCHSBREW 24/12 CANS
61101,AE BLUE SLUSH 24/12 CAN
61102,AE DREAMFLOAT 24/12C
61114,AE KIWI GUAVA 24/12C
61115,AE CHOC FIT 12/12OZ
61116,AE VANILLA FIT 12/12OZ CAN
61117,AE CKCM & FIT 12/12OZ CAN
61118,AE FRTCRL FIT 12/12OZ CAN
61119,AE MUNCH FIT 12/12OZ CAN
61124,AE KIMADE 24/12C
31752,ALG WHITE BEER 4/6BTL
31753,ALG WHITE BEER 2/12 CANS
31754,ALG WHITE BEER 4/6C
31755,ALG WILDLIFE 6/4C
31758,ALG WHITE BEER 1/2BBL
31759,ALG WHITE BEER 1/6BBL
31773,ALG TRIPEL 4/6 BTL
31791,ALG BEACH RPT 6/4C
31792,ALG BEACH RPT 1/6BBL
31800,ALG CURIEUX 6/4 BTL
31808,ALG CURIEUX 1/2BBL
31817,ALG STORYTOLD 6/12.7OZ BTLS
31820,ALG SNOW REPRT 6/4C
31821,ALG SNOW REPRT 1/6BB6
31891,ALG HAUNTED 6/4 CANS
31893,ALG HAUNTED 1/6BBL
31896,ALG SECND SUMR 2/12 CAN
31915,ALG MYONE&ONLY 6/12.7OZ BTL
31917,ALG DAYS END 6/4 BTLS
31926,ALG NORTH SKY 24/16 6/4 CAN
31938,ALG ADVENTURE 2/12C
31954,ALG HOP REACH 4/6C
31955,ALG HOP REACH 2/12C
31956,ALG HOP REACH 1/6BBL
31965,ALG GATHERWELL 6/4B
31966,ALG GATHERWELL 1/6BBL
31967,ALG GRANDSEASN 1/6BBL
31968,ALG GLDN RASPB 1/6BBL
63401,ALO EXPOSED 12/16.9 BTL
63402,ALO BLUSH 12/16.9
63405,ALO COMFORT 12/16.9
63411,ALO ALLURE 12/16.9 BTL
63421,ALO CRISP 12/16.9 BTL
67001,GW RAINBOWSHRB 12/12C
67002,GW PEARPINAPL 12/12C
67003,GW TANGERINE 12/12C
67004,GW CANDYSHOP 12/12C
67005,GW WATERMELON 12/12C
300460,6/750  BW SPIRITS LONGBALL BOUBN KENTUCKY BOURBON
300461,6/750  BW SPIRITS STILLWTR RYE   BUSHWOOD STILLWATER
300462,6/750  BW SPIRITS FRONT 9 BOURBN
102050,12/750 101N N CAB 12/750ML 101 750ML CABERNET
102051,12/750 101N CHARD 12/750M  101 CHARD 750ML
102052,12/750 101N MOSC 12/750ML  101 MOSCATO 750ML
102054,12/750 101N PGRIG 12/750ML 101 PINOT 750ML
24209,REDBRIDGE 4/6 LN BTL
79242,LANDSHARK 6/4TT
79244,LANDSHARK 2/12TT
79246,LANDSHARK 4/6 LN BTL
79247,LANDSHARK 2/12 BTL
94928,LANDSHARK 1/6BBL
77246,KIRIN LT 4/6 LN BTL
78146,ICHIBAN 4/6 LN BTL
78166,ICHIBAN 15/22 BTL
90991,ICHIBAN 1/2BBL
30902,BP TOASTED LGR 1/2BBL
30906,BP TOASTED LGR 1/6BBL
23547,BOJANGLES TEA 6/4C
23548,BOJANGLES TEA 2/12C
25532,BR VAN PORTER 4/6 BTL
25572,BR CHRISTMAS 24/12 4/6 BTL
25573,BR CHRISTMAS 2/169.07OZ CAN
95804,BR SUMMRSHANDY 1/2BBL
95820,BR BD'S AMBER 1/2BBL
95822,BR BD'S IPA 1/2BBL
95823,BR BD'S AMBER 1/6BBL
95825,BR VAN PORTER 1/2BBL
95826,BR VAN PORTER 1/6BBL
95855,BR CHRISTMAS 1/2BBL
95856,BR CHRISTMAS 1/6BBL
95859,BR MTNBEACH SR 1/6BBL
95860,BR HOP PEAK 1/2BBL
10871,BUD ICE 12/40NR
10874,BUD ICE 2/12 CAN
10876,BUD ICE 15/25TT
10877,BUD ICE 25OZ CLIPS
10881,BUD ICE 24/16 3/8 CAN
10888,BUD ICE 18/12 CAN
10894,BUD ICE 2/12 LNR
10163,BUD LT 2/12C 7.5OZ
10171,BUD LT 40 OZ NR
10174,BUD LT 2/12 CAN
10175,BUD LT 15/16 CAN
10176,BUD LT 15/25 CAN
10177,BUD LT 15/25 CLIP
10178,BUD LT 18/12 NR
10179,BUD LT 15/16 CALNR
10180,BUD LT 12 OZ CAN
10184,BUD LT 24/16 CALNR
10188,BUD LT 18/12 CAN
10192,BUD LT SUITCASE
10194,BUD LT 2/12 LNR
10196,BUD LT 4/6 LN BTL
10199,BUD LT 24/12 LNNR
10268,BL LIME 18/12NR
10276,BL LIME 15/25 CAN
10283,BL LIME 3/8 CALNR
10284,BL LIME 2/12TT
10288,BL LIME 18/12TT
10294,BL LIME 2/12 LNR
10296,BL LIME 4/6 LN BTL
10353,BL NEXT 2/12B
10354,BL NEXT 2/12 CAN
10363,BL PLATINUM 3/8CALNR
10364,BL PLATINUM 2/12TT
10367,BL PLATINUM 15/25TT
10368,BL PLATINUM 18/12NR
10383,BL LIMEARITA 6/4 16OZTT
10388,BL LIMEARITA 12/25OZ CAN
10389,BL LIMEARITA 2/12 7.5OZ
10394,BL PLATINUM 2/12LNNR
10396,BL PLATINUM 4/6LNNR
10433,BL WTRMLN RITA 6/4TT
10450,BL STRAWBERITA 2/12 7.5OZ
10463,BL MANG-O-RITA 6/4TT 16OZ
10483,BL STRAWBERITA 24/16 6/4TT
10489,BL STRAWBERITA 12/25 CAN
10774,BL ORANGE 2/12 CAN
11302,BL SLTZR VAR 2/12 CAN
11304,BL SLTZR VAR 24/12 CAN
11308,BL SLTZR RETRO VP2 2/12C
11334,BL SLTZRPNKLMN 15/25C
11341,BL SLTZRBLKCHR 15/25 CAN
11342,BL SLTZRBLKCHR 2/12 CAN
11378,BL SZ RETRO VP 2/12C
11381,BL SZ SODA VAR 2/12 CAN
11386,BL SZ COLA 15/25 CAN
77114,BL CHELADA 2/12 CAN
77116,BL CHELADA 15/25TT
77146,BL CHLADAFUEGO 15/25OZ CANS
77160,BL CHLADATAJIN 15/25C
90955,BUD LT 1/2BBL
90956,BUD LT 1/6BBL
10124,BUD 2/12 CAN
10125,BUD 15/16 CAN
10126,BUD 15/25TT
10127,BUD 15/25 CLIP
10128,BUD 18/12 NR
10129,BUD 15/16CALNR
10134,BUD 24/16 CALNR
10138,BUD 18/12 CAN
10142,BUD SUITCASE
10144,BUD 2/12 LNR
10146,BUD 4/6 LN BTL
10149,BUD 24/12 LNNR
10592,BUD SELECT SUITCASE
10692,SELECT 55 SUITCASE
10694,SELECT 55 2/12LNNR
60562,BUD ZERO 2/12 CAN
60566,BUD ZERO 4/6 BTL
76156,BUD CHLADA PIC 15/25
90910,BUD 1/2BBL
90918,BUD 1/6BBL
40424,BUSCH 2/12 CAN
40431,BUSCH 24/16 3/8 CAN
40442,BUSCH SUITCASE
40448,BSHLT PEACH SC
40449,BSHLT PEACH 2/12C
40466,BUSCH LT 15/25TT
40474,BUSCH LT 2/12 CAN
40481,BUSCH LT 24/16 3/8 CAN
40487,BUSCH LT 18/12LNNR
40488,BUSCH LT 18PK TT
40492,BUSCH LT SUITCASE
40516,BUSCH ICE 15/25TT
40524,BUSCH ICE 2/12 CAN
40525,BUSCH ICE 24/16 6/4TT
40542,BUSCH ICE SUITCASE
60560,BUSCH N/A 2/12TT
90945,BUSCH LT 1/2BBL
3100,101CC CHAR12/16.9BOX
3101,101CC PINO 12/16.9BO
300,CW SPIRITS SPRITPOP 10/12
323,CW SPIRITS PINAPL MARG C
332,CW SPIRITS LNG ISL T 6/4C
333,CW SPIRITS MANGO MAR 6/4C
334,CW SPIRITS RUM& COLA 6/4C
336,CW SPIRITS RUM  MOJI 6/4C
337,CW SPIRITS WHT RUSN 6/4C
339,CW SPIRITS LIMEMARG6/4C
340,CW SPIRITS TEQ PALOM 6/4C
341,CW SPIRITS MAI TAI 6/4C
342,CW SPIRITS VOD MULE 6/4C
346,CW SPIRITS STRBRYMAR 6/4C
348,CW SPIRITS ELDBR VOD 6/4C
427,CW SPIRITS PINACOLADA 6/4
526,CW SPIRITS RNCHWTRVAR 3/8
530,CW SPIRITS MARG VP 2/12
30510,CW NB GNGR BEER 6/4C
300300,6/750  CW EACHES DRK TIK 6/750  CW TIKI DARK 750ML
300301,6/750  CW EACHES GLD BALH 6/750MCW BALI GOLD 750ML
300302,6/750  CW EACHES BALIHOL 6/750MLCW BALI HOLIDAY
300303,6/750  CW EACHES BALHI TIK 6/750CW TIKI MONKEY
300304,6/750  CW EACHES FUGU VOD HABAN CW HAB VODKA 750 ML
300307,6/750  CW EACHES FUGU VDKA 6/750CW FUGU VODKA 750 ML
300308,6/750  CW EACHES TEQ BLNC 6/750 CW BLANCO TEQ 750 ML
300309,6/750  CW EACHES TEQ REPOS 6/750CW REP TEQ 750 ML
300310,6/750  CW EACHES WHITE RUM 6/750CW WHITE RUM 750 ML
300311,6/750  CW EACHES BLEND RYE WHSKYCW BLEND RYE WHSKY
300312,6/750  CW EACHES BLK BOURBON    CW BOURBON 750 ML
300313,6/750  CW EACHES DEVILS WHSKY   CW DEVIL WHISKEY
300330,6/1L   CW EACHES FUGU VODKA 6/1LCW 1 LTR FUGU VODKA
300331,6/1L   CW EACHES WHITE RUM 6/1L CW 1 LTR WHITE RUM
25109,DBB VIENNA LGR 4/6C
25304,DBB TROPSMASH 6/4C
25305,DBB LMN SMASH6/4C
25307,DBB GRAPE SMASH6/4
25321,DBB ORANGESMASH3/8
95505,DBB VIENNA LGR 1/2BBL
95508,DBB VIENNA LGR 1/6BBL
95515,DBB GOLD LEAF 1/2BBL
95628,DBB O'FEST 1/6BBL
24450,ELY SPACE DUST 2/12C
24451,ELY SPACE DUST 4/6NRLN
24453,ELY SPACE DUST 2/12B
24454,ELY SPACE DUST 24/16 6/4 CAN
24455,ELY SPACE DUST 15/19.2 CAN
24471,ELY NIGHT OWL 4/6NRLN
24478,ELY PUMPKN VP 24/12 2/12BTL
24543,ELY DANK DUST 4/6 BTL
24549,ELY IPA VARITY 2/12C
95099,ELY DARK OMOON 1/6BBL
95100,ELY SPACE DUST 1/2BBL
95103,ELY SPACE DUST 1/6BBL
95123,ELY NIGHT OWL 1/6BBL
95143,ELY BI FROST W 1/6BBL
95178,ELY DK KNF PMK 1/6BBL
95197,ELY DANK DUST 1/6BBL
30823,ESTRELLA 24/12 BTLS
30824,ESTRELLA 2/12TT
30825,ESTRELLA 2/12 BTL
94950,ESTRELLA 1/2BBL
61700,GHST CITRUS 12/16 CAN
61701,GHST ORG CREAM 12/16 CAN
61702,GHST SP REDBRY 12/16 CAN
61703,GHST BLUE RAZZ 12/16 CAN
61704,GHST SWEDFISH 12/16 CAN
61705,GHST TROPMNGO 12/16 CAN
61706,GHST WARWTRMLN 12/16 CAN
61707,GHST STRAWBERY 12/16OZ C
61708,GHST SOURGRNAP 12/16C
61709,GHST CHRYLIMAD 12/16C
61710,GHST FAZPOP 12/16C
61711,GHST COTTNCAND 12/16C
61712,GHST PNKLMNADE 12/16C
61713,GHST ORG CREAM 6/4C
61714,GHST CHRYLIMAD 6/4C
61715,GH LEMONLIME 12/16.9P
61716,GH ORNGSQUEEZE 12/16.9PET
61717,GH ORNGSQUEEZE 12/16.9P
61718,GH ORNGSQUEEZE 12/16.9P
61719,GH STRBRYKIWI 12/16.9P
27782,GR MANGO CART 4/6 CAN
27789,GR MANGO CART 16OZ 4/6C
27790,GR MANGO CART 2/12C
95280,GR MANGO CART 1/2BBL
95283,GR MANGO CART 1/6BBL
95310,GR BLOOMINBLND 1/2BBL
27806,GI NEON HUG 4/6C
27809,GI BEERHUG VP3 2/12C
30998,GI HAZY HUG 15/19.2C
31015,GI IPA 6/4TT 16OZ
31016,GI IPA 30/12 2/15 CAN
31049,GI TROP HUG 2/12 CAN
31054,GI TROP HUG 4/6C
31055,GI TROP HUG 15/19.2OZ
91404,GI NEON HUG 1/6BBL
91422,GI IPA 1/2BBL
91426,GI IPA 1/6BBL
91507,GI WILD HERD 1/2BBL
63060,HB BLKBRYSLZR 12/12 CAN
62103,ICELANDIC 24/.5L 4/6
62105,ICELANDIC 24/.5L LOOSE
62106,ICELANDIC 4/6 330ML
62108,ICELANDIC 2/6 1 LITER
62109,ICELANDIC 12/1L
62110,ICELANDIC 12/1.5L
62111,ICELANDIC 12/.75L
29956,PRESIDENTE 4/6LNR
30050,BEST BELGIUM 24/11.2OZ
30202,BECKS 2/12 LNR
30291,BECKS N/A 4/6 LN BTL
30401,HOEGAARDEN 24/11.2 BTL
30402,HOEGAARDEN 2/12 LNNR
30451,LEFFE BLONDE 24/11.2
30695,STELLA LIBERTE 4/6B
30696,STELLA 2/12C
30700,STELLA 24/11.2 BTL
30701,STELLA 4/6 LN BTL
30702,STELLA 2/12 BTL
30703,STELLA 12/22.4 BTL
30704,STELLA 2/12 CAN
30705,STELLA 15/25TT
30710,STELLA 6/4 16OZ CAN
30713,STELLA 18/11.2 BTL
30724,STELLA CIDRE 4/6NRLN
95701,STELLA 1/2BBL
95706,STELLA 1/6BBL
75790,KAR RANCHWTR 2/12CAN
